{"cameraMode":{"drawMode":0,"name":"Shaded","section":"Shading Mode"},"sceneLighting":true,"audioPlay":false,"sceneViewState":{"showFog":true,"showMaterialUpdate":false,"showSkybox":true,"showFlares":true,"showImageEffects":true,"showParticleSystems":true},"in2DMode":false,"pivot":{"x":-0.7354897260665894,"y":-1.3636341094970704,"z":1.111768364906311},"rotation":{"x":-0.2744172513484955,"y":0.6339700222015381,"z":-0.25749605894088747,"w":-0.6756303906440735},"size":11.925186157226563,"orthographic":false}